{"davies_bouldin":0.6264453751334415,"_step":0,"mean_cluster_size":16.5,"cluster_size_std":11.5,"silhouette":0.846720278263092,"cluster_activation_entropy":0.6621354823155828,"prompt_coherence":0,"sparsity_preservation":0.5502403391808439,"n_clusters":2,"_runtime":6.15376091,"noise_ratio":0.029411764705882353,"_wandb":{"runtime":6},"_timestamp":1.7409447352732332e+09,"calinski_harabasz":48.018098653359544}