{"_wandb":{"runtime":7},"silhouette":0.9188171625137329,"mean_cluster_size":4,"prompt_coherence":0,"_runtime":7.771865429,"cluster_activation_entropy":0.3775540561141843,"_timestamp":1.740934299073796e+09,"noise_ratio":0.2,"davies_bouldin":0.30634616941562587,"cluster_size_std":0,"_step":0,"calinski_harabasz":48.698318405200524,"n_clusters":2,"sparsity_preservation":0.6167202829111983}