{"mean_cluster_size":16.333333333333332,"n_clusters":3,"davies_bouldin":0.6213195853215722,"noise_ratio":0.07547169811320754,"prompt_coherence":0,"silhouette":0.5975146293640137,"_step":0,"_wandb":{"runtime":6},"calinski_harabasz":8.09784931875832,"sparsity_preservation":0.6329826420542585,"_timestamp":1.7409345736232867e+09,"_runtime":6.064362777,"cluster_activation_entropy":1.0645287101817182,"cluster_size_std":20.27039439401436}