{"prompt_coherence":0,"davies_bouldin":0.16778850319519303,"noise_ratio":0,"n_clusters":2,"_timestamp":1.7409342884045806e+09,"_runtime":7.713676133,"sparsity_preservation":0.9170415098972003,"mean_cluster_size":2.5,"cluster_activation_entropy":0.6166943090188608,"_wandb":{"runtime":7},"silhouette":0.7320423722267151,"_step":0,"cluster_size_std":1.5,"calinski_harabasz":18.248639116416715}