{"mean_cluster_size":7.5,"prompt_coherence":0,"_step":0,"n_clusters":2,"_runtime":5.845166239,"_wandb":{"runtime":5},"cluster_size_std":6.5,"_timestamp":1.7409447657604597e+09,"cluster_activation_entropy":0.5831875434579116,"noise_ratio":0,"calinski_harabasz":23.28643390296455,"sparsity_preservation":0.4624485581234979,"silhouette":0.8543744683265686,"davies_bouldin":0.16566642865586834}