{"sparsity_preservation":0.5490027526194923,"_step":0,"cluster_activation_entropy":0.6820481432572449,"n_clusters":2,"prompt_coherence":0,"_runtime":13.880518381,"_wandb":{"runtime":13},"silhouette":0.8215446472167969,"davies_bouldin":0.6198843538318914,"calinski_harabasz":58.31672249145403,"_timestamp":1.7409446231285083e+09,"mean_cluster_size":25.5,"noise_ratio":0,"cluster_size_std":18.5}