{"cluster_size_std":2,"_step":0,"_wandb":{"runtime":7},"_timestamp":1.74094406237396e+09,"sparsity_preservation":0.6505032839481903,"cluster_activation_entropy":0.6434113194442191,"n_clusters":2,"_runtime":7.584553036,"silhouette":0.7635138630867004,"calinski_harabasz":15.513895151201755,"noise_ratio":0.16666666666666666,"mean_cluster_size":5,"davies_bouldin":0.5681462497153507,"prompt_coherence":0}