{"_wandb":{"runtime":8},"mean_cluster_size":16.5,"cluster_activation_entropy":0.6666537762483278,"silhouette":0.5419434905052185,"sparsity_preservation":0.6114017186276446,"calinski_harabasz":13.159039594289016,"_runtime":8.421226636,"_timestamp":1.7409447480367465e+09,"davies_bouldin":1.0938440150305788,"noise_ratio":0.15384615384615385,"_step":0,"prompt_coherence":0,"n_clusters":2,"cluster_size_std":10.5}