{"noise_ratio":0.13333333333333333,"silhouette":0.8943598866462708,"mean_cluster_size":13,"_runtime":8.094586914,"_wandb":{"runtime":8},"_timestamp":1.7409346074076464e+09,"davies_bouldin":0.3895700052506665,"_step":0,"n_clusters":2,"cluster_size_std":10,"prompt_coherence":1,"cluster_activation_entropy":0.634579093823586,"sparsity_preservation":0.5026061214245817,"calinski_harabasz":45.915921222331285}