{"prompt_coherence":1,"cluster_activation_entropy":1.4646769826074857,"silhouette":0.6706863045692444,"davies_bouldin":0.3162028432282583,"_timestamp":1.740934741796012e+09,"n_clusters":5,"_step":0,"sparsity_preservation":0.5069553209254993,"_wandb":{"runtime":6},"cluster_size_std":7.83836717690617,"noise_ratio":0,"mean_cluster_size":5.4,"_runtime":6.626400654,"calinski_harabasz":18.720241708090064}