{"mean_cluster_size":2.3333333333333335,"noise_ratio":0,"prompt_coherence":0,"cluster_size_std":1.8856180831641267,"calinski_harabasz":4.137550764994873,"silhouette":0.3862904906272888,"_timestamp":1.7409442270414505e+09,"_runtime":28.018914513,"_wandb":{"runtime":28},"n_clusters":3,"sparsity_preservation":0.888606450422222,"cluster_activation_entropy":1.0732517236867902,"davies_bouldin":0.42027989666399906,"_step":0}