{"silhouette":0.6137520670890808,"cluster_activation_entropy":0.5886277529409244,"davies_bouldin":0.4161808033675881,"_wandb":{"runtime":31},"_step":0,"calinski_harabasz":4.7290378424697845,"n_clusters":2,"_runtime":31.547117839,"noise_ratio":0,"sparsity_preservation":0.420243604760758,"prompt_coherence":0,"mean_cluster_size":6,"_timestamp":1.7409442869601839e+09,"cluster_size_std":5}