{"_timestamp":1.7409343819187076e+09,"calinski_harabasz":42.83296146840789,"prompt_coherence":0,"cluster_activation_entropy":0.4885776825996413,"_wandb":{"runtime":7},"cluster_size_std":1.5,"sparsity_preservation":0.559158810349432,"noise_ratio":0.1875,"mean_cluster_size":6.5,"n_clusters":2,"_runtime":7.755139718,"davies_bouldin":0.4666318666845431,"_step":0,"silhouette":0.869070291519165}