{"prompt_coherence":0,"noise_ratio":0.1,"_step":0,"calinski_harabasz":20.578230960844873,"_timestamp":1.7409437650448632e+09,"n_clusters":2,"silhouette":0.8127520084381104,"davies_bouldin":0.5532615542189754,"sparsity_preservation":0.6322532916367203,"_runtime":12.433019342,"cluster_activation_entropy":0.5916825728803454,"mean_cluster_size":4.5,"cluster_size_std":0.5,"_wandb":{"runtime":12}}