{"mean_cluster_size":2.6666666666666665,"silhouette":0.7126562595367432,"_wandb":{"runtime":16},"cluster_activation_entropy":1.058141180669662,"_step":0,"_timestamp":1.7409449158102546e+09,"n_clusters":3,"_runtime":16.219203518,"davies_bouldin":0.459721312510554,"cluster_size_std":1.247219128924647,"calinski_harabasz":11.686943793684522,"prompt_coherence":0,"noise_ratio":0,"sparsity_preservation":0.6614156411702565}