{"noise_ratio":0,"calinski_harabasz":28.834953761454784,"_timestamp":1.7409443705665061e+09,"prompt_coherence":0,"cluster_activation_entropy":1.0295235778509468,"sparsity_preservation":0.5528923359807509,"_step":0,"_wandb":{"runtime":17},"mean_cluster_size":8.333333333333334,"_runtime":17.836348581,"davies_bouldin":0.5391035819486224,"n_clusters":3,"cluster_size_std":8.339997335464535,"silhouette":0.7694627642631531}