{"silhouette":0.7976977229118347,"calinski_harabasz":28.339300624709573,"_step":0,"_timestamp":1.7409343930749657e+09,"_runtime":7.989532219,"sparsity_preservation":0.5709594592869637,"n_clusters":2,"cluster_size_std":2,"prompt_coherence":0,"noise_ratio":0.125,"cluster_activation_entropy":0.5055064279681766,"davies_bouldin":0.5511104941787118,"_wandb":{"runtime":7},"mean_cluster_size":7}