{"davies_bouldin":0.6327367558410023,"cluster_size_std":21.213203435596427,"calinski_harabasz":7.764668684744814,"_wandb":{"runtime":23},"noise_ratio":0.07272727272727272,"sparsity_preservation":0.6365519649534789,"_step":0,"silhouette":0.5850468277931213,"_timestamp":1.7409449441775832e+09,"mean_cluster_size":17,"_runtime":23.20096348,"cluster_activation_entropy":1.066698586036083,"n_clusters":3,"prompt_coherence":0}