{"noise_ratio":0.2,"n_clusters":2,"cluster_size_std":1,"calinski_harabasz":44.046099304403874,"davies_bouldin":0.44528070750216175,"_timestamp":1.740934660175859e+09,"prompt_coherence":0,"_wandb":{"runtime":7},"_runtime":7.913390044,"_step":0,"sparsity_preservation":0.560764942777783,"silhouette":0.8782027363777161,"cluster_activation_entropy":0.4640122564844177,"mean_cluster_size":6}