{"n_clusters":3,"_runtime":14.204531551,"calinski_harabasz":14.373580786773914,"cluster_activation_entropy":0.8850960189883863,"_timestamp":1.7409340413309596e+09,"silhouette":0.7027540802955627,"_wandb":{"runtime":14},"sparsity_preservation":0.5190857902944308,"cluster_size_std":5.185449728701348,"davies_bouldin":0.2536357472318755,"mean_cluster_size":4.666666666666667,"_step":0,"prompt_coherence":0,"noise_ratio":0}