{"calinski_harabasz":28.193514868357568,"silhouette":0.8594757914543152,"cluster_activation_entropy":0.4067594987387936,"_step":0,"_runtime":17.751703136,"_wandb":{"runtime":17},"sparsity_preservation":0.6808591458548101,"davies_bouldin":0.44622359028475966,"_timestamp":1.7409346911312194e+09,"mean_cluster_size":4.5,"n_clusters":2,"cluster_size_std":0.5,"noise_ratio":0.1,"prompt_coherence":0}