{"_runtime":6.259521949,"silhouette":0.8675806522369385,"sparsity_preservation":0.635320858342072,"cluster_size_std":5,"cluster_activation_entropy":0.5931559716105227,"mean_cluster_size":8,"_wandb":{"runtime":6},"prompt_coherence":0,"n_clusters":2,"_step":0,"noise_ratio":0,"calinski_harabasz":36.25590577453206,"davies_bouldin":0.4950106492355474,"_timestamp":1.7409445893880184e+09}