{"mean_cluster_size":2.5,"davies_bouldin":0.1750370422231357,"_timestamp":1.740944887550466e+09,"silhouette":0.731809675693512,"noise_ratio":0,"prompt_coherence":0,"_runtime":13.133066627,"_step":0,"cluster_size_std":1.5,"n_clusters":2,"_wandb":{"runtime":13},"calinski_harabasz":18.172638778769322,"sparsity_preservation":0.898778440037249,"cluster_activation_entropy":0.6076304829741965}