{"calinski_harabasz":10.819278013825386,"_wandb":{"runtime":8},"_runtime":8.088153354,"silhouette":0.2709089517593384,"sparsity_preservation":0.7477922118350444,"n_clusters":20,"cluster_size_std":2.756809750418044,"mean_cluster_size":2,"_timestamp":1.7409341902209346e+09,"cluster_activation_entropy":2.739758647823434,"davies_bouldin":0.3702347470410438,"noise_ratio":0,"_step":0,"prompt_coherence":0}