{"_timestamp":1.7409344021353238e+09,"sparsity_preservation":0.6030454348170857,"silhouette":0.8428930044174194,"calinski_harabasz":30.102157749718558,"cluster_activation_entropy":0.6309777660072227,"_runtime":6.389601929,"davies_bouldin":0.5388669705268038,"_wandb":{"runtime":6},"noise_ratio":0.13043478260869565,"cluster_size_std":7,"mean_cluster_size":10,"_step":0,"n_clusters":2,"prompt_coherence":0}