{"cluster_activation_entropy":0.6227107108410106,"noise_ratio":0.13636363636363635,"_runtime":6.444490706,"davies_bouldin":0.4961158388841794,"cluster_size_std":6.5,"mean_cluster_size":9.5,"sparsity_preservation":0.612966061789559,"n_clusters":2,"calinski_harabasz":39.75707762623247,"_wandb":{"runtime":6},"prompt_coherence":1,"_timestamp":1.7409446362690823e+09,"_step":0,"silhouette":0.8751366138458252}