{"_timestamp":1.7409448208943703e+09,"noise_ratio":0,"n_clusters":2,"calinski_harabasz":22.6671042441129,"mean_cluster_size":7.5,"prompt_coherence":0.6666666666666666,"davies_bouldin":0.549377146616117,"cluster_activation_entropy":0.6082057068024647,"sparsity_preservation":0.6117873139219717,"silhouette":0.8501081466674805,"_runtime":13.224889064,"_wandb":{"runtime":13},"cluster_size_std":5.5,"_step":0}