{"davies_bouldin":0.9258135378703192,"sparsity_preservation":0.7937038428837033,"mean_cluster_size":9.75,"calinski_harabasz":13.11272651607211,"prompt_coherence":0,"_step":0,"_runtime":9.205751117,"_timestamp":1.7409345087385588e+09,"_wandb":{"runtime":9},"cluster_size_std":10.568230693924125,"noise_ratio":0.3389830508474576,"silhouette":0.5463080406188965,"cluster_activation_entropy":1.2173854863921965,"n_clusters":4}