{"_step":0,"mean_cluster_size":5,"cluster_size_std":8.602325267042627,"_wandb":{"runtime":6},"calinski_harabasz":15.940373929853893,"sparsity_preservation":0.6693751260443147,"silhouette":0.6322674751281738,"noise_ratio":0,"_runtime":6.781610624,"davies_bouldin":0.3988082068351443,"prompt_coherence":1,"cluster_activation_entropy":1.8019700754098094,"_timestamp":1.740934616614893e+09,"n_clusters":7}