{"calinski_harabasz":13.74906388516041,"sparsity_preservation":0.575354199085509,"_wandb":{"runtime":8},"_runtime":8.365554347,"_step":0,"_timestamp":1.7409446699488792e+09,"prompt_coherence":0,"n_clusters":4,"mean_cluster_size":3.5,"cluster_size_std":3.278719262151,"silhouette":0.6713162064552307,"noise_ratio":0,"davies_bouldin":0.3783386965125645,"cluster_activation_entropy":1.1714037970639384}