{"mean_cluster_size":17.5,"davies_bouldin":0.4307116546577629,"_runtime":36.229819346,"_timestamp":1.740944983075631e+09,"noise_ratio":0.07894736842105263,"sparsity_preservation":0.5286196045710407,"cluster_size_std":13.5,"calinski_harabasz":57.228499419449506,"cluster_activation_entropy":0.6672512674189846,"prompt_coherence":0,"n_clusters":2,"silhouette":0.8804659843444824,"_step":0,"_wandb":{"runtime":36}}