{"mean_cluster_size":4,"_timestamp":1.7409446485451846e+09,"cluster_size_std":3,"prompt_coherence":0,"noise_ratio":0,"calinski_harabasz":6.94360807498915,"sparsity_preservation":0.34327890286314916,"_runtime":8.129916938,"_wandb":{"runtime":8},"davies_bouldin":0.2914467576725255,"n_clusters":2,"silhouette":0.6786378622055054,"_step":0,"cluster_activation_entropy":0.4619486168334439}