{"_step":0,"calinski_harabasz":23.616294862411472,"_timestamp":1.740934471496191e+09,"mean_cluster_size":8,"_wandb":{"runtime":8},"noise_ratio":0.2,"prompt_coherence":0,"cluster_size_std":2,"n_clusters":2,"davies_bouldin":0.6281055662576635,"silhouette":0.7382733821868896,"_runtime":8.166014154,"sparsity_preservation":0.5582932210555301,"cluster_activation_entropy":0.49819704900761463}