{"cluster_activation_entropy":0.9892355959284462,"_wandb":{"runtime":47},"_timestamp":1.740944870394543e+09,"_runtime":47.048240515,"cluster_size_std":2.0548046676563256,"sparsity_preservation":0.6485507800207826,"noise_ratio":0.05,"prompt_coherence":0,"davies_bouldin":0.7306847462315034,"n_clusters":3,"silhouette":0.6878162622451782,"_step":0,"calinski_harabasz":18.274081708708966,"mean_cluster_size":6.333333333333333}