{"n_clusters":2,"_wandb":{"runtime":25},"cluster_size_std":0.5,"prompt_coherence":0,"_timestamp":1.7409432588668327e+09,"calinski_harabasz":41.80991193075903,"_runtime":25.864981543,"sparsity_preservation":0.6232043932645064,"silhouette":0.916193962097168,"davies_bouldin":0.3205715251529772,"_step":0,"noise_ratio":0.125,"cluster_activation_entropy":0.4021934437004596,"mean_cluster_size":3.5}