{"cluster_size_std":6,"calinski_harabasz":29.92696244481545,"cluster_activation_entropy":0.6145072273657093,"silhouette":0.8439775109291077,"noise_ratio":0.14285714285714285,"_timestamp":1.740934362323903e+09,"mean_cluster_size":9,"_step":0,"prompt_coherence":0.6666666666666666,"_wandb":{"runtime":8},"sparsity_preservation":0.6119947178326668,"_runtime":8.535527185,"n_clusters":2,"davies_bouldin":0.5304392111340732}