{"cluster_size_std":15,"n_clusters":2,"_step":0,"_runtime":6.517893441,"_wandb":{"runtime":6},"mean_cluster_size":22,"calinski_harabasz":64.69073201871116,"silhouette":0.8454614877700806,"davies_bouldin":0.5952690499366808,"cluster_activation_entropy":0.6504871350321393,"sparsity_preservation":0.5450299715402258,"noise_ratio":0.10204081632653061,"prompt_coherence":0.6666666666666666,"_timestamp":1.7409343083056297e+09}