{"_step":0,"sparsity_preservation":0.6009398754264875,"calinski_harabasz":34.046146774880704,"_timestamp":1.7409443304579184e+09,"cluster_activation_entropy":0.6499112755404959,"noise_ratio":0.08,"silhouette":0.8561252355575562,"mean_cluster_size":11.5,"_runtime":39.142235331,"_wandb":{"runtime":39},"n_clusters":2,"prompt_coherence":0,"davies_bouldin":0.5271873682865423,"cluster_size_std":8.5}