{"cluster_activation_entropy":0.5931559716105227,"cluster_size_std":5,"prompt_coherence":0.6666666666666666,"sparsity_preservation":0.635320858342072,"davies_bouldin":0.49501070292825916,"_timestamp":1.7409344244779665e+09,"_wandb":{"runtime":7},"noise_ratio":0.058823529411764705,"calinski_harabasz":36.255902418199256,"silhouette":0.8675805926322937,"_runtime":7.737243072,"n_clusters":2,"mean_cluster_size":8,"_step":0}