{"mean_cluster_size":27,"davies_bouldin":0.7057017928752668,"_wandb":{"runtime":6},"_timestamp":1.7409441948693826e+09,"cluster_size_std":17,"prompt_coherence":0.6666666666666666,"calinski_harabasz":62.07582527943368,"noise_ratio":0.11475409836065574,"silhouette":0.7867618799209595,"_runtime":6.390521218,"_step":0,"cluster_activation_entropy":0.669673951647427,"sparsity_preservation":0.5238663752554719,"n_clusters":2}