{"sparsity_preservation":0.7132351466284472,"_wandb":{"runtime":6},"silhouette":0.8312389254570007,"_timestamp":1.7409345633937106e+09,"prompt_coherence":0,"noise_ratio":0.09090909090909091,"calinski_harabasz":20.061411577340284,"cluster_size_std":6.599663291074443,"_step":0,"mean_cluster_size":6.666666666666667,"cluster_activation_entropy":0.9858514580068733,"davies_bouldin":0.35824233961676777,"_runtime":6.355005816,"n_clusters":3}