{"_wandb":{"runtime":12},"_runtime":12.711607603000001,"cluster_activation_entropy":0.5982224784426328,"_timestamp":1.7409438119465258e+09,"noise_ratio":0,"davies_bouldin":0.2722347777848701,"mean_cluster_size":3.5,"_step":0,"cluster_size_std":2.5,"sparsity_preservation":0.8794872233558301,"calinski_harabasz":7.93315958228666,"n_clusters":2,"silhouette":0.6784242391586304,"prompt_coherence":0}