{"n_clusters":2,"_step":0,"cluster_size_std":3,"_runtime":12.879790569,"prompt_coherence":0,"mean_cluster_size":5,"_wandb":{"runtime":12},"cluster_activation_entropy":0.49039479498639055,"noise_ratio":0.16666666666666666,"sparsity_preservation":0.477764353567629,"calinski_harabasz":10.012217957028584,"davies_bouldin":0.597582020242062,"_timestamp":1.7409347070099072e+09,"silhouette":0.6917254328727722}