{"davies_bouldin":0.4145107772591226,"_step":0,"sparsity_preservation":0.6158604371251228,"cluster_activation_entropy":1.1467327475240106,"prompt_coherence":0,"noise_ratio":0,"cluster_size_std":5.830951894845301,"calinski_harabasz":24.117716310225795,"n_clusters":4,"mean_cluster_size":5,"_runtime":28.01352201,"_wandb":{"runtime":28},"_timestamp":1.7409444474163327e+09,"silhouette":0.7714895009994507}