{"n_clusters":2,"sparsity_preservation":0.5828138528914593,"_runtime":22.209034754,"cluster_activation_entropy":0.654723722476821,"_step":0,"_wandb":{"runtime":22},"davies_bouldin":0.5862592037445584,"calinski_harabasz":25.376089826725305,"_timestamp":1.7409442519366252e+09,"noise_ratio":0.25,"prompt_coherence":0,"mean_cluster_size":6,"silhouette":0.8044121265411377,"cluster_size_std":1}