{"davies_bouldin":0.16817724007201115,"mean_cluster_size":6,"noise_ratio":0,"_wandb":{"runtime":11},"calinski_harabasz":21.270122234659553,"sparsity_preservation":0.4427992338583695,"_timestamp":1.740944999154733e+09,"cluster_activation_entropy":0.5459730350189674,"silhouette":0.8324379920959473,"_step":0,"_runtime":11.293287572,"n_clusters":2,"prompt_coherence":0,"cluster_size_std":5}