{"davies_bouldin":0.5430265487171037,"mean_cluster_size":6.5,"prompt_coherence":0,"sparsity_preservation":0.5736110025866158,"silhouette":0.7957766056060791,"noise_ratio":0.13333333333333333,"_runtime":7.826941325,"calinski_harabasz":27.10336967201923,"_step":0,"_wandb":{"runtime":7},"_timestamp":1.7409343511783855e+09,"cluster_size_std":1.5,"cluster_activation_entropy":0.4843630673705977,"n_clusters":2}