{"_wandb":{"runtime":6},"davies_bouldin":0.5099133553133889,"sparsity_preservation":0.5866828642999832,"noise_ratio":0,"mean_cluster_size":5,"silhouette":0.741592526435852,"_step":0,"_timestamp":1.7409345532012353e+09,"prompt_coherence":0,"calinski_harabasz":14.31411991758064,"n_clusters":3,"_runtime":6.64774797,"cluster_size_std":4.96655480858378,"cluster_activation_entropy":0.8747672260986974}