{"_wandb":{"runtime":5},"_timestamp":1.7409345841251342e+09,"cluster_activation_entropy":0.6102760966066862,"cluster_size_std":15,"sparsity_preservation":0.7542923712745423,"noise_ratio":0.14893617021276595,"_runtime":5.996970824,"mean_cluster_size":20,"n_clusters":2,"calinski_harabasz":29.64109373820232,"davies_bouldin":0.5272852745522207,"prompt_coherence":0,"_step":0,"silhouette":0.7449280619621277}