{"sparsity_preservation":0.5866828642999832,"davies_bouldin":0.5979502891379571,"_wandb":{"runtime":7},"n_clusters":2,"silhouette":0.8071708679199219,"calinski_harabasz":16.389050212195688,"prompt_coherence":0,"cluster_activation_entropy":0.5980563216074092,"_timestamp":1.7409344601147294e+09,"noise_ratio":0.06666666666666667,"cluster_size_std":5,"mean_cluster_size":7,"_step":0,"_runtime":7.513555601}