{"mean_cluster_size":6.666666666666667,"_runtime":6.165245022,"cluster_size_std":6.599663291074443,"sparsity_preservation":0.7171140022092498,"davies_bouldin":0.330440209880236,"silhouette":0.8566902875900269,"_wandb":{"runtime":6},"_timestamp":1.740934412380471e+09,"_step":0,"noise_ratio":0.09090909090909091,"n_clusters":3,"prompt_coherence":0,"calinski_harabasz":24.40157566016031,"cluster_activation_entropy":0.9837137296056132}